level,castle_index,code
1,1,UIWYC
1,2,4TRRY
1,3,WQCWR
1,4,M4RY2
1,5,7V1EL
1,6,9TYVD
1,7,F84Y3
1,8,LTR8L
1,9,JX3BS
1,10,HWI1P
2,1,PATVN
2,2,NGF3F
2,3,4CMHK
2,4,BQQ3N
2,5,K7EUH
2,6,H85KG
2,7,DZWJN
2,8,J2CXX
2,9,TY9GV
2,10,AQCD3
2,11,SU8AP
2,12,IX23L
2,13,8JCK6
2,14,6JV22
2,15,ILVZS
2,16,8XILI
2,17,ABYR4
2,18,IQTQP
2,19,97I27
2,20,IJEFY
2,21,WIWLG
2,22,M8VEQ
2,23,CUTLN
2,24,9914R
2,25,ZHTUA
3,1,VSAZN
3,2,V3VIF
3,3,WQJP5
3,4,SC95S
3,5,D3FI8
3,6,F6IS7
3,7,U1N6J
3,8,BFPU1
3,9,GHGRH
3,10,XSELI
3,11,UCFF2
3,12,NS5QB
3,13,E3VLS
3,14,ZERS6
3,15,JK5V4
3,16,D2LRN
3,17,QFRXY
3,18,I3NE9
3,19,YREAT
3,20,1STDT
3,21,4RIVK
3,22,S94AU
3,23,KCLVA
3,24,UQ122
3,25,BULJC
3,26,SNI2A
3,27,2YW4Y
3,28,BEWGJ
3,29,S7U97
3,30,72ADS
3,31,KR58Z
3,32,VG4BB
3,33,2C1US
3,34,7IKRA
3,35,JK5D7
3,36,BRPKN
3,37,2QSQU
3,38,KXZP2
3,39,TS1ET
3,40,D86FH
3,41,EQ1YJ
3,42,TJEC5
3,43,XA475
3,44,PMEEM
3,45,U7X9K
3,46,QC8VB
3,47,YIEXJ
3,48,ICSML
3,49,PAN6D
3,50,TJJVA
4,1,BAHKW
4,2,QYUNI
4,3,U149L
4,4,B68F2
4,5,KLZM6
4,6,DISU2
4,7,X2FP1
4,8,2ZETW
4,9,UK6JU
4,10,B7E3L
4,11,CSSVX
4,12,IHAUE
4,13,MVS5N
4,14,XCL73
4,15,KS9B3
4,16,RT5BD
4,17,S2KPH
4,18,9LB4L
4,19,6AQJK
4,20,NRVBM
4,21,VM8GE
4,22,44QHC
4,23,1XTCY
4,24,BN4TX
4,25,T44IY
4,26,WIK6Z
4,27,UEMF2
4,28,S8DXM
4,29,E6PDT
4,30,6T8YZ
4,31,EIEXY
4,32,TA95Y
4,33,AQ6NN
4,34,DCBFA
4,35,EJZIZ
4,36,IX673
4,37,QSFHM
4,38,MUMAB
4,39,HN6PW
4,40,4JNVS
4,41,V2HCI
4,42,MHJCR
4,43,FRA7J
4,44,XTZUF
4,45,9P7K6
4,46,8I5KP
4,47,R8WHZ
4,48,E8GNA
4,49,RY2KY
4,50,PKGDU
4,51,IRM4P
4,52,1SS18
4,53,1JFGS
4,54,IUMPB
4,55,3I1H1
4,56,AFD6S
4,57,76P6Y
4,58,EYHJM
4,59,UWA69
4,60,Q9AMP
4,61,KLXGB
4,62,B77RJ
4,63,XZM4P
4,64,HFMP4
4,65,CSDCL
4,66,UK8QV
4,67,XC2A9
4,68,3D9RM
4,69,MQQCS
4,70,BCMFW
4,71,4M68Y
4,72,WKYA6
4,73,LRSXG
4,74,9GWAH
4,75,W5DMX
5,1,KV1RX
5,2,W4QJQ
5,3,4BVWA
5,4,5WVR5
5,5,T9FPV
5,6,BSFPZ
5,7,T92EW
5,8,9KSYY
5,9,NC5JX
5,10,MQCS6
5,11,FPUFD
5,12,4ARNJ
5,13,ZP8KR
5,14,92VCB
5,15,RWZLI
5,16,EEFPC
5,17,6LQ4L
5,18,FA1Z7
5,19,X69GS
5,20,AMUN8
5,21,J2RAP
5,22,R47JQ
5,23,39S5Y
5,24,PB52E
5,25,RLX5M
5,26,6HXSX
5,27,H2JJX
5,28,RLTI5
5,29,ACP5J
5,30,VNLDX
5,31,JRVXD
5,32,L5KV1
5,33,MUSSZ
5,34,33HXM
5,35,A3UA8
5,36,6DTF6
5,37,QCMYM
5,38,RUG73
5,39,HYVA7
5,40,NE218
5,41,TGJIU
5,42,ZFB6R
5,43,L6U1L
5,44,ALI5M
5,45,9U3H7
5,46,ZMWMV
5,47,ZS9J8
5,48,UB8AJ
5,49,9RVQR
5,50,91F76
5,51,PPQFG
5,52,4J39P
5,53,I8DVD
5,54,UC1HV
5,55,JSM4J
5,56,4ISK7
5,57,4I5TW
5,58,1LFRJ
5,59,4H1KL
5,60,3MNTH
5,61,58JVL
5,62,13KMC
5,63,E1WR5
5,64,4W2QE
5,65,PEBY4
5,66,1ZJ6R
5,67,P7P6M
5,68,W7JCH
5,69,NKUV7
5,70,T451T
5,71,98DN7
5,72,SG3AT
5,73,FFT8Q
5,74,8LD7B
5,75,T8SSI
5,76,DFY9D
5,77,N9TYA
5,78,CMMF4
5,79,MIDBT
5,80,F46FT
5,81,DQA7L
5,82,D67ES
5,83,MKAW8
5,84,GWRPZ
5,85,SZNEM
5,86,LHABQ
5,87,VTLH7
5,88,A2K9E
5,89,PS65C
5,90,R14NF
5,91,HWT7X
5,92,YEC1Y
5,93,AVSF8
5,94,5BQP9
5,95,XYHDL
5,96,8D8SF
5,97,PWUAH
5,98,UIJRZ
5,99,2HPTP
5,100,YE4UB
