[
  {
    "level": 1,
    "castle_index": 1,
    "code": "UIWYC"
  },
  {
    "level": 1,
    "castle_index": 2,
    "code": "4TRRY"
  },
  {
    "level": 1,
    "castle_index": 3,
    "code": "WQCWR"
  },
  {
    "level": 1,
    "castle_index": 4,
    "code": "M4RY2"
  },
  {
    "level": 1,
    "castle_index": 5,
    "code": "7V1EL"
  },
  {
    "level": 1,
    "castle_index": 6,
    "code": "9TYVD"
  },
  {
    "level": 1,
    "castle_index": 7,
    "code": "F84Y3"
  },
  {
    "level": 1,
    "castle_index": 8,
    "code": "LTR8L"
  },
  {
    "level": 1,
    "castle_index": 9,
    "code": "JX3BS"
  },
  {
    "level": 1,
    "castle_index": 10,
    "code": "HWI1P"
  },
  {
    "level": 2,
    "castle_index": 1,
    "code": "PATVN"
  },
  {
    "level": 2,
    "castle_index": 2,
    "code": "NGF3F"
  },
  {
    "level": 2,
    "castle_index": 3,
    "code": "4CMHK"
  },
  {
    "level": 2,
    "castle_index": 4,
    "code": "BQQ3N"
  },
  {
    "level": 2,
    "castle_index": 5,
    "code": "K7EUH"
  },
  {
    "level": 2,
    "castle_index": 6,
    "code": "H85KG"
  },
  {
    "level": 2,
    "castle_index": 7,
    "code": "DZWJN"
  },
  {
    "level": 2,
    "castle_index": 8,
    "code": "J2CXX"
  },
  {
    "level": 2,
    "castle_index": 9,
    "code": "TY9GV"
  },
  {
    "level": 2,
    "castle_index": 10,
    "code": "AQCD3"
  },
  {
    "level": 2,
    "castle_index": 11,
    "code": "SU8AP"
  },
  {
    "level": 2,
    "castle_index": 12,
    "code": "IX23L"
  },
  {
    "level": 2,
    "castle_index": 13,
    "code": "8JCK6"
  },
  {
    "level": 2,
    "castle_index": 14,
    "code": "6JV22"
  },
  {
    "level": 2,
    "castle_index": 15,
    "code": "ILVZS"
  },
  {
    "level": 2,
    "castle_index": 16,
    "code": "8XILI"
  },
  {
    "level": 2,
    "castle_index": 17,
    "code": "ABYR4"
  },
  {
    "level": 2,
    "castle_index": 18,
    "code": "IQTQP"
  },
  {
    "level": 2,
    "castle_index": 19,
    "code": "97I27"
  },
  {
    "level": 2,
    "castle_index": 20,
    "code": "IJEFY"
  },
  {
    "level": 2,
    "castle_index": 21,
    "code": "WIWLG"
  },
  {
    "level": 2,
    "castle_index": 22,
    "code": "M8VEQ"
  },
  {
    "level": 2,
    "castle_index": 23,
    "code": "CUTLN"
  },
  {
    "level": 2,
    "castle_index": 24,
    "code": "9914R"
  },
  {
    "level": 2,
    "castle_index": 25,
    "code": "ZHTUA"
  },
  {
    "level": 3,
    "castle_index": 1,
    "code": "VSAZN"
  },
  {
    "level": 3,
    "castle_index": 2,
    "code": "V3VIF"
  },
  {
    "level": 3,
    "castle_index": 3,
    "code": "WQJP5"
  },
  {
    "level": 3,
    "castle_index": 4,
    "code": "SC95S"
  },
  {
    "level": 3,
    "castle_index": 5,
    "code": "D3FI8"
  },
  {
    "level": 3,
    "castle_index": 6,
    "code": "F6IS7"
  },
  {
    "level": 3,
    "castle_index": 7,
    "code": "U1N6J"
  },
  {
    "level": 3,
    "castle_index": 8,
    "code": "BFPU1"
  },
  {
    "level": 3,
    "castle_index": 9,
    "code": "GHGRH"
  },
  {
    "level": 3,
    "castle_index": 10,
    "code": "XSELI"
  },
  {
    "level": 3,
    "castle_index": 11,
    "code": "UCFF2"
  },
  {
    "level": 3,
    "castle_index": 12,
    "code": "NS5QB"
  },
  {
    "level": 3,
    "castle_index": 13,
    "code": "E3VLS"
  },
  {
    "level": 3,
    "castle_index": 14,
    "code": "ZERS6"
  },
  {
    "level": 3,
    "castle_index": 15,
    "code": "JK5V4"
  },
  {
    "level": 3,
    "castle_index": 16,
    "code": "D2LRN"
  },
  {
    "level": 3,
    "castle_index": 17,
    "code": "QFRXY"
  },
  {
    "level": 3,
    "castle_index": 18,
    "code": "I3NE9"
  },
  {
    "level": 3,
    "castle_index": 19,
    "code": "YREAT"
  },
  {
    "level": 3,
    "castle_index": 20,
    "code": "1STDT"
  },
  {
    "level": 3,
    "castle_index": 21,
    "code": "4RIVK"
  },
  {
    "level": 3,
    "castle_index": 22,
    "code": "S94AU"
  },
  {
    "level": 3,
    "castle_index": 23,
    "code": "KCLVA"
  },
  {
    "level": 3,
    "castle_index": 24,
    "code": "UQ122"
  },
  {
    "level": 3,
    "castle_index": 25,
    "code": "BULJC"
  },
  {
    "level": 3,
    "castle_index": 26,
    "code": "SNI2A"
  },
  {
    "level": 3,
    "castle_index": 27,
    "code": "2YW4Y"
  },
  {
    "level": 3,
    "castle_index": 28,
    "code": "BEWGJ"
  },
  {
    "level": 3,
    "castle_index": 29,
    "code": "S7U97"
  },
  {
    "level": 3,
    "castle_index": 30,
    "code": "72ADS"
  },
  {
    "level": 3,
    "castle_index": 31,
    "code": "KR58Z"
  },
  {
    "level": 3,
    "castle_index": 32,
    "code": "VG4BB"
  },
  {
    "level": 3,
    "castle_index": 33,
    "code": "2C1US"
  },
  {
    "level": 3,
    "castle_index": 34,
    "code": "7IKRA"
  },
  {
    "level": 3,
    "castle_index": 35,
    "code": "JK5D7"
  },
  {
    "level": 3,
    "castle_index": 36,
    "code": "BRPKN"
  },
  {
    "level": 3,
    "castle_index": 37,
    "code": "2QSQU"
  },
  {
    "level": 3,
    "castle_index": 38,
    "code": "KXZP2"
  },
  {
    "level": 3,
    "castle_index": 39,
    "code": "TS1ET"
  },
  {
    "level": 3,
    "castle_index": 40,
    "code": "D86FH"
  },
  {
    "level": 3,
    "castle_index": 41,
    "code": "EQ1YJ"
  },
  {
    "level": 3,
    "castle_index": 42,
    "code": "TJEC5"
  },
  {
    "level": 3,
    "castle_index": 43,
    "code": "XA475"
  },
  {
    "level": 3,
    "castle_index": 44,
    "code": "PMEEM"
  },
  {
    "level": 3,
    "castle_index": 45,
    "code": "U7X9K"
  },
  {
    "level": 3,
    "castle_index": 46,
    "code": "QC8VB"
  },
  {
    "level": 3,
    "castle_index": 47,
    "code": "YIEXJ"
  },
  {
    "level": 3,
    "castle_index": 48,
    "code": "ICSML"
  },
  {
    "level": 3,
    "castle_index": 49,
    "code": "PAN6D"
  },
  {
    "level": 3,
    "castle_index": 50,
    "code": "TJJVA"
  },
  {
    "level": 4,
    "castle_index": 1,
    "code": "BAHKW"
  },
  {
    "level": 4,
    "castle_index": 2,
    "code": "QYUNI"
  },
  {
    "level": 4,
    "castle_index": 3,
    "code": "U149L"
  },
  {
    "level": 4,
    "castle_index": 4,
    "code": "B68F2"
  },
  {
    "level": 4,
    "castle_index": 5,
    "code": "KLZM6"
  },
  {
    "level": 4,
    "castle_index": 6,
    "code": "DISU2"
  },
  {
    "level": 4,
    "castle_index": 7,
    "code": "X2FP1"
  },
  {
    "level": 4,
    "castle_index": 8,
    "code": "2ZETW"
  },
  {
    "level": 4,
    "castle_index": 9,
    "code": "UK6JU"
  },
  {
    "level": 4,
    "castle_index": 10,
    "code": "B7E3L"
  },
  {
    "level": 4,
    "castle_index": 11,
    "code": "CSSVX"
  },
  {
    "level": 4,
    "castle_index": 12,
    "code": "IHAUE"
  },
  {
    "level": 4,
    "castle_index": 13,
    "code": "MVS5N"
  },
  {
    "level": 4,
    "castle_index": 14,
    "code": "XCL73"
  },
  {
    "level": 4,
    "castle_index": 15,
    "code": "KS9B3"
  },
  {
    "level": 4,
    "castle_index": 16,
    "code": "RT5BD"
  },
  {
    "level": 4,
    "castle_index": 17,
    "code": "S2KPH"
  },
  {
    "level": 4,
    "castle_index": 18,
    "code": "9LB4L"
  },
  {
    "level": 4,
    "castle_index": 19,
    "code": "6AQJK"
  },
  {
    "level": 4,
    "castle_index": 20,
    "code": "NRVBM"
  },
  {
    "level": 4,
    "castle_index": 21,
    "code": "VM8GE"
  },
  {
    "level": 4,
    "castle_index": 22,
    "code": "44QHC"
  },
  {
    "level": 4,
    "castle_index": 23,
    "code": "1XTCY"
  },
  {
    "level": 4,
    "castle_index": 24,
    "code": "BN4TX"
  },
  {
    "level": 4,
    "castle_index": 25,
    "code": "T44IY"
  },
  {
    "level": 4,
    "castle_index": 26,
    "code": "WIK6Z"
  },
  {
    "level": 4,
    "castle_index": 27,
    "code": "UEMF2"
  },
  {
    "level": 4,
    "castle_index": 28,
    "code": "S8DXM"
  },
  {
    "level": 4,
    "castle_index": 29,
    "code": "E6PDT"
  },
  {
    "level": 4,
    "castle_index": 30,
    "code": "6T8YZ"
  },
  {
    "level": 4,
    "castle_index": 31,
    "code": "EIEXY"
  },
  {
    "level": 4,
    "castle_index": 32,
    "code": "TA95Y"
  },
  {
    "level": 4,
    "castle_index": 33,
    "code": "AQ6NN"
  },
  {
    "level": 4,
    "castle_index": 34,
    "code": "DCBFA"
  },
  {
    "level": 4,
    "castle_index": 35,
    "code": "EJZIZ"
  },
  {
    "level": 4,
    "castle_index": 36,
    "code": "IX673"
  },
  {
    "level": 4,
    "castle_index": 37,
    "code": "QSFHM"
  },
  {
    "level": 4,
    "castle_index": 38,
    "code": "MUMAB"
  },
  {
    "level": 4,
    "castle_index": 39,
    "code": "HN6PW"
  },
  {
    "level": 4,
    "castle_index": 40,
    "code": "4JNVS"
  },
  {
    "level": 4,
    "castle_index": 41,
    "code": "V2HCI"
  },
  {
    "level": 4,
    "castle_index": 42,
    "code": "MHJCR"
  },
  {
    "level": 4,
    "castle_index": 43,
    "code": "FRA7J"
  },
  {
    "level": 4,
    "castle_index": 44,
    "code": "XTZUF"
  },
  {
    "level": 4,
    "castle_index": 45,
    "code": "9P7K6"
  },
  {
    "level": 4,
    "castle_index": 46,
    "code": "8I5KP"
  },
  {
    "level": 4,
    "castle_index": 47,
    "code": "R8WHZ"
  },
  {
    "level": 4,
    "castle_index": 48,
    "code": "E8GNA"
  },
  {
    "level": 4,
    "castle_index": 49,
    "code": "RY2KY"
  },
  {
    "level": 4,
    "castle_index": 50,
    "code": "PKGDU"
  },
  {
    "level": 4,
    "castle_index": 51,
    "code": "IRM4P"
  },
  {
    "level": 4,
    "castle_index": 52,
    "code": "1SS18"
  },
  {
    "level": 4,
    "castle_index": 53,
    "code": "1JFGS"
  },
  {
    "level": 4,
    "castle_index": 54,
    "code": "IUMPB"
  },
  {
    "level": 4,
    "castle_index": 55,
    "code": "3I1H1"
  },
  {
    "level": 4,
    "castle_index": 56,
    "code": "AFD6S"
  },
  {
    "level": 4,
    "castle_index": 57,
    "code": "76P6Y"
  },
  {
    "level": 4,
    "castle_index": 58,
    "code": "EYHJM"
  },
  {
    "level": 4,
    "castle_index": 59,
    "code": "UWA69"
  },
  {
    "level": 4,
    "castle_index": 60,
    "code": "Q9AMP"
  },
  {
    "level": 4,
    "castle_index": 61,
    "code": "KLXGB"
  },
  {
    "level": 4,
    "castle_index": 62,
    "code": "B77RJ"
  },
  {
    "level": 4,
    "castle_index": 63,
    "code": "XZM4P"
  },
  {
    "level": 4,
    "castle_index": 64,
    "code": "HFMP4"
  },
  {
    "level": 4,
    "castle_index": 65,
    "code": "CSDCL"
  },
  {
    "level": 4,
    "castle_index": 66,
    "code": "UK8QV"
  },
  {
    "level": 4,
    "castle_index": 67,
    "code": "XC2A9"
  },
  {
    "level": 4,
    "castle_index": 68,
    "code": "3D9RM"
  },
  {
    "level": 4,
    "castle_index": 69,
    "code": "MQQCS"
  },
  {
    "level": 4,
    "castle_index": 70,
    "code": "BCMFW"
  },
  {
    "level": 4,
    "castle_index": 71,
    "code": "4M68Y"
  },
  {
    "level": 4,
    "castle_index": 72,
    "code": "WKYA6"
  },
  {
    "level": 4,
    "castle_index": 73,
    "code": "LRSXG"
  },
  {
    "level": 4,
    "castle_index": 74,
    "code": "9GWAH"
  },
  {
    "level": 4,
    "castle_index": 75,
    "code": "W5DMX"
  },
  {
    "level": 5,
    "castle_index": 1,
    "code": "KV1RX"
  },
  {
    "level": 5,
    "castle_index": 2,
    "code": "W4QJQ"
  },
  {
    "level": 5,
    "castle_index": 3,
    "code": "4BVWA"
  },
  {
    "level": 5,
    "castle_index": 4,
    "code": "5WVR5"
  },
  {
    "level": 5,
    "castle_index": 5,
    "code": "T9FPV"
  },
  {
    "level": 5,
    "castle_index": 6,
    "code": "BSFPZ"
  },
  {
    "level": 5,
    "castle_index": 7,
    "code": "T92EW"
  },
  {
    "level": 5,
    "castle_index": 8,
    "code": "9KSYY"
  },
  {
    "level": 5,
    "castle_index": 9,
    "code": "NC5JX"
  },
  {
    "level": 5,
    "castle_index": 10,
    "code": "MQCS6"
  },
  {
    "level": 5,
    "castle_index": 11,
    "code": "FPUFD"
  },
  {
    "level": 5,
    "castle_index": 12,
    "code": "4ARNJ"
  },
  {
    "level": 5,
    "castle_index": 13,
    "code": "ZP8KR"
  },
  {
    "level": 5,
    "castle_index": 14,
    "code": "92VCB"
  },
  {
    "level": 5,
    "castle_index": 15,
    "code": "RWZLI"
  },
  {
    "level": 5,
    "castle_index": 16,
    "code": "EEFPC"
  },
  {
    "level": 5,
    "castle_index": 17,
    "code": "6LQ4L"
  },
  {
    "level": 5,
    "castle_index": 18,
    "code": "FA1Z7"
  },
  {
    "level": 5,
    "castle_index": 19,
    "code": "X69GS"
  },
  {
    "level": 5,
    "castle_index": 20,
    "code": "AMUN8"
  },
  {
    "level": 5,
    "castle_index": 21,
    "code": "J2RAP"
  },
  {
    "level": 5,
    "castle_index": 22,
    "code": "R47JQ"
  },
  {
    "level": 5,
    "castle_index": 23,
    "code": "39S5Y"
  },
  {
    "level": 5,
    "castle_index": 24,
    "code": "PB52E"
  },
  {
    "level": 5,
    "castle_index": 25,
    "code": "RLX5M"
  },
  {
    "level": 5,
    "castle_index": 26,
    "code": "6HXSX"
  },
  {
    "level": 5,
    "castle_index": 27,
    "code": "H2JJX"
  },
  {
    "level": 5,
    "castle_index": 28,
    "code": "RLTI5"
  },
  {
    "level": 5,
    "castle_index": 29,
    "code": "ACP5J"
  },
  {
    "level": 5,
    "castle_index": 30,
    "code": "VNLDX"
  },
  {
    "level": 5,
    "castle_index": 31,
    "code": "JRVXD"
  },
  {
    "level": 5,
    "castle_index": 32,
    "code": "L5KV1"
  },
  {
    "level": 5,
    "castle_index": 33,
    "code": "MUSSZ"
  },
  {
    "level": 5,
    "castle_index": 34,
    "code": "33HXM"
  },
  {
    "level": 5,
    "castle_index": 35,
    "code": "A3UA8"
  },
  {
    "level": 5,
    "castle_index": 36,
    "code": "6DTF6"
  },
  {
    "level": 5,
    "castle_index": 37,
    "code": "QCMYM"
  },
  {
    "level": 5,
    "castle_index": 38,
    "code": "RUG73"
  },
  {
    "level": 5,
    "castle_index": 39,
    "code": "HYVA7"
  },
  {
    "level": 5,
    "castle_index": 40,
    "code": "NE218"
  },
  {
    "level": 5,
    "castle_index": 41,
    "code": "TGJIU"
  },
  {
    "level": 5,
    "castle_index": 42,
    "code": "ZFB6R"
  },
  {
    "level": 5,
    "castle_index": 43,
    "code": "L6U1L"
  },
  {
    "level": 5,
    "castle_index": 44,
    "code": "ALI5M"
  },
  {
    "level": 5,
    "castle_index": 45,
    "code": "9U3H7"
  },
  {
    "level": 5,
    "castle_index": 46,
    "code": "ZMWMV"
  },
  {
    "level": 5,
    "castle_index": 47,
    "code": "ZS9J8"
  },
  {
    "level": 5,
    "castle_index": 48,
    "code": "UB8AJ"
  },
  {
    "level": 5,
    "castle_index": 49,
    "code": "9RVQR"
  },
  {
    "level": 5,
    "castle_index": 50,
    "code": "91F76"
  },
  {
    "level": 5,
    "castle_index": 51,
    "code": "PPQFG"
  },
  {
    "level": 5,
    "castle_index": 52,
    "code": "4J39P"
  },
  {
    "level": 5,
    "castle_index": 53,
    "code": "I8DVD"
  },
  {
    "level": 5,
    "castle_index": 54,
    "code": "UC1HV"
  },
  {
    "level": 5,
    "castle_index": 55,
    "code": "JSM4J"
  },
  {
    "level": 5,
    "castle_index": 56,
    "code": "4ISK7"
  },
  {
    "level": 5,
    "castle_index": 57,
    "code": "4I5TW"
  },
  {
    "level": 5,
    "castle_index": 58,
    "code": "1LFRJ"
  },
  {
    "level": 5,
    "castle_index": 59,
    "code": "4H1KL"
  },
  {
    "level": 5,
    "castle_index": 60,
    "code": "3MNTH"
  },
  {
    "level": 5,
    "castle_index": 61,
    "code": "58JVL"
  },
  {
    "level": 5,
    "castle_index": 62,
    "code": "13KMC"
  },
  {
    "level": 5,
    "castle_index": 63,
    "code": "E1WR5"
  },
  {
    "level": 5,
    "castle_index": 64,
    "code": "4W2QE"
  },
  {
    "level": 5,
    "castle_index": 65,
    "code": "PEBY4"
  },
  {
    "level": 5,
    "castle_index": 66,
    "code": "1ZJ6R"
  },
  {
    "level": 5,
    "castle_index": 67,
    "code": "P7P6M"
  },
  {
    "level": 5,
    "castle_index": 68,
    "code": "W7JCH"
  },
  {
    "level": 5,
    "castle_index": 69,
    "code": "NKUV7"
  },
  {
    "level": 5,
    "castle_index": 70,
    "code": "T451T"
  },
  {
    "level": 5,
    "castle_index": 71,
    "code": "98DN7"
  },
  {
    "level": 5,
    "castle_index": 72,
    "code": "SG3AT"
  },
  {
    "level": 5,
    "castle_index": 73,
    "code": "FFT8Q"
  },
  {
    "level": 5,
    "castle_index": 74,
    "code": "8LD7B"
  },
  {
    "level": 5,
    "castle_index": 75,
    "code": "T8SSI"
  },
  {
    "level": 5,
    "castle_index": 76,
    "code": "DFY9D"
  },
  {
    "level": 5,
    "castle_index": 77,
    "code": "N9TYA"
  },
  {
    "level": 5,
    "castle_index": 78,
    "code": "CMMF4"
  },
  {
    "level": 5,
    "castle_index": 79,
    "code": "MIDBT"
  },
  {
    "level": 5,
    "castle_index": 80,
    "code": "F46FT"
  },
  {
    "level": 5,
    "castle_index": 81,
    "code": "DQA7L"
  },
  {
    "level": 5,
    "castle_index": 82,
    "code": "D67ES"
  },
  {
    "level": 5,
    "castle_index": 83,
    "code": "MKAW8"
  },
  {
    "level": 5,
    "castle_index": 84,
    "code": "GWRPZ"
  },
  {
    "level": 5,
    "castle_index": 85,
    "code": "SZNEM"
  },
  {
    "level": 5,
    "castle_index": 86,
    "code": "LHABQ"
  },
  {
    "level": 5,
    "castle_index": 87,
    "code": "VTLH7"
  },
  {
    "level": 5,
    "castle_index": 88,
    "code": "A2K9E"
  },
  {
    "level": 5,
    "castle_index": 89,
    "code": "PS65C"
  },
  {
    "level": 5,
    "castle_index": 90,
    "code": "R14NF"
  },
  {
    "level": 5,
    "castle_index": 91,
    "code": "HWT7X"
  },
  {
    "level": 5,
    "castle_index": 92,
    "code": "YEC1Y"
  },
  {
    "level": 5,
    "castle_index": 93,
    "code": "AVSF8"
  },
  {
    "level": 5,
    "castle_index": 94,
    "code": "5BQP9"
  },
  {
    "level": 5,
    "castle_index": 95,
    "code": "XYHDL"
  },
  {
    "level": 5,
    "castle_index": 96,
    "code": "8D8SF"
  },
  {
    "level": 5,
    "castle_index": 97,
    "code": "PWUAH"
  },
  {
    "level": 5,
    "castle_index": 98,
    "code": "UIJRZ"
  },
  {
    "level": 5,
    "castle_index": 99,
    "code": "2HPTP"
  },
  {
    "level": 5,
    "castle_index": 100,
    "code": "YE4UB"
  }
]